BotName,Ability,Trait
LogicLantern,Reasoning,Accuracy
DataDynamo,Analytics,Speed
EcoMentor,Sustainability,Ethics
CodeCrafter,Programming,Precision
BrainBeacon,Reasoning,Insight
PixelPilot,Visualization,Creativity
QuantumQuill,Research,Innovation
SynthSage,Strategy,Wisdom
CipherSense,Security,Integrity
MetaMender,Troubleshooting,Patience
CircuitScribe,Engineering,Focus
PatternPilot,Analytics,Clarity
NeuralNexus,Modeling,Adaptability
SystemSeer,Optimization,Reliability
RoboRegent,Automation,Discipline
